{
    "0": [
        [
            0,
            0.70166942285522
        ]
    ],
    "0.1": [
        [
            0.0,
            0.40478186055513277
        ],
        [
            0.001,
            0.7899825187822869
        ],
        [
            0.005,
            0.8644412987343152
        ],
        [
            0.01,
            0.8770246683076308
        ],
        [
            0.05,
            0.8907582660755066
        ],
        [
            0.1,
            0.8929863611599652
        ],
        [
            0.25,
            0.8938005251162531
        ],
        [
            1.0,
            0.8949152611276135
        ],
        [
            0.0,
            0.434761257497388
        ],
        [
            0.001,
            0.797836769183142
        ],
        [
            0.005,
            0.863928192036351
        ],
        [
            0.01,
            0.8813849339743524
        ],
        [
            0.05,
            0.8905231823816318
        ],
        [
            0.1,
            0.8932788648358791
        ],
        [
            0.25,
            0.894040737667608
        ],
        [
            1.0,
            0.8949805153455763
        ],
        [
            0.0,
            0.4042229894197035
        ],
        [
            0.001,
            0.7637502354955485
        ],
        [
            0.005,
            0.8639916467609476
        ],
        [
            0.01,
            0.8769822957360609
        ],
        [
            0.05,
            0.890988565215694
        ],
        [
            0.1,
            0.8929771946076597
        ],
        [
            0.25,
            0.8940492326293606
        ],
        [
            1.0,
            0.8949067250196718
        ],
        [
            0.0,
            0.40051024034634464
        ],
        [
            0.001,
            0.7867297700659557
        ],
        [
            0.005,
            0.8607840915662767
        ],
        [
            0.01,
            0.877000570679414
        ],
        [
            0.05,
            0.8900745005160098
        ],
        [
            0.1,
            0.8928161437733215
        ],
        [
            0.25,
            0.8942400465288771
        ],
        [
            1.0,
            0.8947881687337471
        ],
        [
            0.0,
            0.4177671298701463
        ],
        [
            0.001,
            0.8091036448832029
        ],
        [
            0.005,
            0.8609874324386076
        ],
        [
            0.01,
            0.8787451255266971
        ],
        [
            0.05,
            0.8908922859143457
        ],
        [
            0.1,
            0.8925946686425882
        ],
        [
            0.25,
            0.8940467140792926
        ],
        [
            1.0,
            0.8949938437850575
        ]
    ],
    "0.25": [
        [
            0.0,
            0.38886591259319503
        ],
        [
            0.001,
            0.7982080768206791
        ],
        [
            0.005,
            0.8623932331603336
        ],
        [
            0.01,
            0.8757654892738571
        ],
        [
            0.05,
            0.8905708914610775
        ],
        [
            0.1,
            0.8929459683298118
        ],
        [
            0.25,
            0.894160213832326
        ],
        [
            1.0,
            0.8950035471149673
        ],
        [
            0.0,
            0.42222945956978625
        ],
        [
            0.001,
            0.7994534772350201
        ],
        [
            0.005,
            0.8676455410025294
        ],
        [
            0.01,
            0.8801559955748212
        ],
        [
            0.05,
            0.891432222991039
        ],
        [
            0.1,
            0.8926654953628386
        ],
        [
            0.25,
            0.8941845486150597
        ],
        [
            1.0,
            0.895025203724264
        ],
        [
            0.0,
            0.41171712278909484
        ],
        [
            0.001,
            0.7953897943705779
        ],
        [
            0.005,
            0.8597775238044921
        ],
        [
            0.01,
            0.8761387815517643
        ],
        [
            0.05,
            0.890430630860424
        ],
        [
            0.1,
            0.8929278873956871
        ],
        [
            0.25,
            0.8943242296729084
        ],
        [
            1.0,
            0.8949126554575684
        ],
        [
            0.0,
            0.4303016619359461
        ],
        [
            0.001,
            0.8055411189311948
        ],
        [
            0.005,
            0.8630695870961014
        ],
        [
            0.01,
            0.8806482307973956
        ],
        [
            0.05,
            0.8906235776008951
        ],
        [
            0.1,
            0.8926923871657726
        ],
        [
            0.25,
            0.893926139616201
        ],
        [
            1.0,
            0.8947940485557623
        ],
        [
            0.0,
            0.39437525064167694
        ],
        [
            0.001,
            0.7904909211758558
        ],
        [
            0.005,
            0.8637692638704335
        ],
        [
            0.01,
            0.8804140298642706
        ],
        [
            0.05,
            0.8909830708418505
        ],
        [
            0.1,
            0.892656274205839
        ],
        [
            0.25,
            0.8940567568385956
        ],
        [
            1.0,
            0.8949308062668633
        ]
    ],