{
    "0.8": {
        "One-Class SVM": [
            [
                0,
                0.5723789630307886
            ]
        ]
    },
    "0.9": {
        "One-Class SVM": [
            [
                0,
                0.5449382417050134
            ]
        ]
    },
    "0.95": {
        "One-Class SVM": [
            [
                0,
                0.5275719981785266
            ]
        ]
    },
    "0.99": {
        "One-Class SVM": [
            [
                0,
                0.5089391275740472
            ]
        ]
    }
}