{
    "0.8": {
        "Isolation Forest": [
            [
                0,
                0.6250917846348252
            ],
            [
                0,
                0.6226296365584448
            ],
            [
                0,
                0.6257285951147804
            ]
        ]
    },
    "0.9": {
        "Isolation Forest": [
            [
                0,
                0.5583848573598004
            ],
            [
                0,
                0.5561602765810904
            ],
            [
                0,
                0.5586862739778061
            ]
        ]
    },
    "0.95": {
        "Isolation Forest": [
            [
                0,
                0.5270738863696985
            ],
            [
                0,
                0.5265644305545462
            ],
            [
                0,
                0.5276702152195287
            ]
        ]
    },
    "0.99": {
        "Isolation Forest": [
            [
                0,
                0.5058281044146217
            ],
            [
                0,
                0.505151765204398
            ],
            [
                0,
                0.5056142152376275
            ]
        ]
    }
}