{
    "0.8": {
        "Isolation Forest": [
            [
                0.795769591813803,
                0.5140922001310902
            ]
        ]
    },
    "0.9": {
        "Isolation Forest": [
            [
                0.795769591813803,
                0.5083587484468541
            ]
        ]
    },
    "0.95": {
        "Isolation Forest": [
            [
                0.795769591813803,
                0.5047418782723209
            ]
        ]
    },
    "0.99": {
        "Isolation Forest": [
            [
                0.795769591813803,
                0.501722984614761
            ]
        ]
    }
}