{
    "0.8": {
        "ours with alpha=0.": [
            0.45855961274965745,
            0.45855961274965745,
            0.45855961274965745,
            0.45855961274965745,
            0.45855961274965745,
            0.45855961274965745,
            0.45855961274965745,
            0.45855961274965745
        ],
        "1": [
            0.4599694271678122,
            0.4592892820860142,
            0.45931998320946194,
            0.4588316848073501,
            0.4598072306773734,
            0.45897968777060294,
            0.4588558352402746,
            0.4587286324786325
        ],
        "0": [
            0.4587032634102788,
            0.4595036319612591,
            0.45907212843820094,
            0.4591607903720131,
            0.4591839044041099,
            0.4587757089477194,
            0.45867956342194804,
            0.45878446658004907
        ],
        "0.1": [
            0.4596545211202422,
            0.4592159883596525,
            0.45864957610012114,
            0.45881282639003756,
            0.4593744943482582,
            0.45875875276796935,
            0.458684741021105,
            0.45968652604001986
        ],
        "0.25": [
            0.4592914853946551,
            0.45891916946956823,
            0.45870475198993643,
            0.45881338564966384,
            0.4588916840017416,
            0.4585811620019524,
            0.4587355360094692,
            0.4589497660812184
        ],
        "0.5": [
            0.45879448757051194,
            0.4592492514423428,
            0.45918428604017336,
            0.45890807928596267,
            0.45876083934599854,
            0.45956150884533964,
            0.45855751345080703,
            0.45859060470066165
        ]
    },
    "0.9": {
        "ours with alpha=0.": [
            0.45855961274965745,
            0.45855961274965745,
            0.45855961274965745,
            0.45855961274965745,
            0.45855961274965745,
            0.45855961274965745,
            0.45855961274965745,
            0.45855961274965745
        ],
        "1": [
            0.4595611007875409,
            0.4592892820860142,
            0.45892446759613914,
            0.4588316848073501,
            0.45925571776426244,
            0.45887611222362146,
            0.4588558352402746,
            0.4587286324786325
        ],
        "0": [
            0.4587032634102788,
            0.45884952347451385,
            0.45857499597228935,
            0.4590261090697499,
            0.45912575923528826,
            0.4587757089477194,
            0.45867956342194804,
            0.45878446658004907
        ],
        "0.1": [
            0.4588362221079484,
            0.4592159883596525,
            0.45864957610012114,
            0.45855419758766225,
            0.45880240576325704,
            0.4586591899063736,
            0.458684741021105,
            0.4592656020639651
        ],
        "0.25": [
            0.4587668159027711,
            0.4588480428635214,
            0.45870475198993643,
            0.4585717143428686,
            0.45888288740945443,
            0.4585811620019524,
            0.4587355360094692,
            0.45881334847747307
        ],
        "0.5": [
            0.45879448757051194,
            0.45891514500537056,
            0.45863495346432265,
            0.45890807928596267,
            0.45876083934599854,
            0.4589240944065012,
            0.45855751345080703,
            0.45859060470066165
        ]
    },
    "0.95": {
        "ours with alpha=0.": [
            0.45855961274965745,
            0.45855961274965745,
            0.45855961274965745,
            0.45855961274965745,
            0.45855961274965745,
            0.45855961274965745,
            0.45855961274965745,
            0.45855961274965745
        ],
        "1": [
            0.45887633941500144,
            0.4590713958237819,
            0.45892446759613914,
            0.4588316848073501,
            0.4587112072551793,
            0.45887611222362146,
            0.4588558352402746,
            0.45860803549835444
        ],
        "0": [
            0.4587032634102788,
            0.4587590534497336,
            0.45857499597228935,
            0.4588393639664455,
            0.45872328830292297,
            0.45858225411972253,
            0.45867956342194804,
            0.45878446658004907
        ],
        "0.1": [
            0.4588362221079484,
            0.4586169643699982,
            0.45864957610012114,
            0.45855419758766225,
            0.45862100336611844,
            0.4586591899063736,
            0.458684741021105,
            0.4585892862618437
        ],
        "0.25": [
            0.45857425821812287,
            0.45876121046834845,
            0.45862327909887357,
            0.4585717143428686,
            0.45888288740945443,
            0.4585811620019524,
            0.4587355360094692,
            0.45864970028394153
        ],
        "0.5": [
            0.45879448757051194,
            0.4588610222978865,
            0.45863495346432265,
            0.45889985360870345,
            0.4586602049573426,
            0.45890701013251806,
            0.45855751345080703,
            0.45859060470066165
        ]
    },
    "0.99": {
        "ours with alpha=0.": [
            0.45855961274965745,
            0.45855961274965745,
            0.45855961274965745,
            0.45855961274965745,
            0.45855961274965745,
            0.45855961274965745,
            0.45855961274965745,
            0.45855961274965745
        ],
        "1": [
            0.4587007687101629,
            0.4585897397412422,
            0.4586488851341158,
            0.4585650834300348,
            0.45859719438877755,
            0.4586408194735103,
            0.45867689357622243,
            0.4585576211154023
        ],
        "0": [
            0.4587032634102788,
            0.45860484670130025,
            0.45857499597228935,
            0.4586576708121444,
            0.4585704996748862,
            0.45858225411972253,
            0.45867956342194804,
            0.4586507182833936
        ],
        "0.1": [
            0.4588362221079484,
            0.45855375661269837,
            0.45864957610012114,
            0.45855419758766225,
            0.4585993635290115,
            0.4586591899063736,
            0.4585976427270726,
            0.4585734870317003
        ],
        "0.25": [
            0.45857425821812287,
            0.4585763010232149,
            0.45862327909887357,
            0.4585717143428686,
            0.4587889619240905,
            0.4585811620019524,
            0.4585692279992798,
            0.45862352728659456
        ],
        "0.5": [
            0.45872867656656324,
            0.45866966897536166,
            0.4585585857670663,
            0.4587134784659701,
            0.4586602049573426,
            0.4587712206952304,
            0.45855751345080703,
            0.45859060470066165
        ]
    }
}