{
    "ours with alpha=0.": [
        0.459473337196837,
        0.459473337196837,
        0.459473337196837,
        0.459473337196837,
        0.459473337196837,
        0.459473337196837,
        0.459473337196837,
        0.459473337196837
    ],
    "1": [
        0.4585492598040217,
        0.4600237044906517,
        0.4594207376680656,
        0.45989772415926944,
        0.4598359278575974,
        0.4588460520761314,
        0.4572877373615132,
        0.4573060114407239
    ],
    "0": [
        0.4592829700721417,
        0.4613409863099982,
        0.45940567388656056,
        0.45730651562865016,
        0.45916927409324015,
        0.4602917651966551,
        0.4602101799381676,
        0.4601076670572068
    ],
    "0.1": [
        0.45932102041407286,
        0.4593946276916967,
        0.4575835591626763,
        0.45833468679150413,
        0.4596700332686598,
        0.4585729155868201,
        0.460303577481914,
        0.46108089224376236
    ],
    "0.25": [
        0.4591286772884681,
        0.4598820900065419,
        0.45597628521192346,
        0.45962046021978764,
        0.45755205340927385,
        0.4585862280630752,
        0.4588905592917125,
        0.45926660933009394
    ],
    "0.5": [
        0.4584017417157148,
        0.45997050426807956,
        0.45955608941260156,
        0.4583925855628769,
        0.4593656895184918,
        0.45897855041407,
        0.4576362934677087,
        0.45806038578588604
    ]
}