{
    "ours with alpha=0.": [
        0.49962441397324037,
        0.49962441397324037,
        0.49962441397324037,
        0.49962441397324037,
        0.49962441397324037,
        0.49962441397324037,
        0.49962441397324037,
        0.49962441397324037
    ],
    "1": [
        0.5002494574008366,
        0.5016044529797101,
        0.5018099376359861,
        0.5001629743671588,
        0.5019938298283881,
        0.49997221072857284,
        0.49876600559207196,
        0.4990466697621154
    ],
    "0": [
        0.4993893221461585,
        0.5020248056093833,
        0.5010380592111228,
        0.49929946511378875,
        0.4997598215990277,
        0.50026781965467,
        0.5003961212211377,
        0.5002671079612608
    ],
    "0.1": [
        0.5001143246651182,
        0.500454508475927,
        0.49898045186597884,
        0.4992497754613336,
        0.5013579651971565,
        0.5002580045688252,
        0.5013970457040292,
        0.5024120342878305
    ],
    "0.25": [
        0.499426297579119,
        0.5006552301834706,
        0.49738047043138955,
        0.500413454197944,
        0.49992497253165513,
        0.49870618105492254,
        0.4997632880332812,
        0.5006057592347625
    ],
    "0.5": [
        0.4989595004094964,
        0.5020246632304246,
        0.500424482425016,
        0.49962355365794775,
        0.5004571613161304,
        0.49989208641571964,
        0.4968362734820582,
        0.49828660858944496
    ]
}