{
    "0.8": {
        "XGBClassifier": [
            0.45854,
            0.45854,
            0.4586267605633803,
            0.4592805049686527,
            0.45937935843793587,
            0.45889012139621194,
            0.4593875556520795,
            0.4594435400959561
        ]
    },
    "0.9": {
        "XGBClassifier": [
            0.45854,
            0.45854,
            0.45857197403589156,
            0.4592805049686527,
            0.4592688191183997,
            0.45889012139621194,
            0.4593875556520795,
            0.4594435400959561
        ]
    },
    "0.95": {
        "XGBClassifier": [
            0.45854,
            0.45854,
            0.45857197403589156,
            0.45891745573659987,
            0.45914527758508333,
            0.45889012139621194,
            0.45928995061065075,
            0.45915294216755825
        ]
    },
    "0.99": {
        "XGBClassifier": [
            0.45854,
            0.45854,
            0.45857197403589156,
            0.45854,
            0.45865556216537773,
            0.4586751808592329,
            0.45875647982538575,
            0.45861981927406736
        ]
    }
}