{
    "One-Class SVM": [
        0.45855192644330106,
        0.45855192644330106,
        0.45855192644330106,
        0.45855192644330106,
        0.45855192644330106,
        0.45855192644330106,
        0.45855192644330106,
        0.45855192644330106
    ],
    "Isolation Forest": [
        0.45691234554235516,
        0.45691234554235516,
        0.45691234554235516,
        0.45691234554235516,
        0.45691234554235516,
        0.45691234554235516,
        0.45691234554235516,
        0.45691234554235516
    ]
}