{
    "One-Class SVM": [
        0.500119620074907,
        0.500119620074907,
        0.500119620074907,
        0.500119620074907,
        0.500119620074907,
        0.500119620074907,
        0.500119620074907,
        0.500119620074907
    ],
    "Isolation Forest": [
        0.49829961985132165,
        0.49829961985132165,
        0.49829961985132165,
        0.49829961985132165,
        0.49829961985132165,
        0.49829961985132165,
        0.49829961985132165,
        0.49829961985132165
    ]
}