{
    "0.8": {
        "One-Class SVM": [
            0.4587398476517177,
            0.4587398476517177,
            0.4587398476517177,
            0.4587398476517177,
            0.4587398476517177,
            0.4587398476517177,
            0.4587398476517177,
            0.4587398476517177
        ],
        "Isolation Forest": [
            0.45879348286931415,
            0.45879348286931415,
            0.45879348286931415,
            0.45879348286931415,
            0.45879348286931415,
            0.45879348286931415,
            0.45879348286931415,
            0.45879348286931415
        ]
    },
    "0.9": {
        "One-Class SVM": [
            0.4587398476517177,
            0.4587398476517177,
            0.4587398476517177,
            0.4587398476517177,
            0.4587398476517177,
            0.4587398476517177,
            0.4587398476517177,
            0.4587398476517177
        ],
        "Isolation Forest": [
            0.45879348286931415,
            0.45879348286931415,
            0.45879348286931415,
            0.45879348286931415,
            0.45879348286931415,
            0.45879348286931415,
            0.45879348286931415,
            0.45879348286931415
        ]
    },
    "0.95": {
        "One-Class SVM": [
            0.4587398476517177,
            0.4587398476517177,
            0.4587398476517177,
            0.4587398476517177,
            0.4587398476517177,
            0.4587398476517177,
            0.4587398476517177,
            0.4587398476517177
        ],
        "Isolation Forest": [
            0.45879348286931415,
            0.45879348286931415,
            0.45879348286931415,
            0.45879348286931415,
            0.45879348286931415,
            0.45879348286931415,
            0.45879348286931415,
            0.45879348286931415
        ]
    },
    "0.99": {
        "One-Class SVM": [
            0.4587398476517177,
            0.4587398476517177,
            0.4587398476517177,
            0.4587398476517177,
            0.4587398476517177,
            0.4587398476517177,
            0.4587398476517177,
            0.4587398476517177
        ],
        "Isolation Forest": [
            0.45879348286931415,
            0.45879348286931415,
            0.45879348286931415,
            0.45879348286931415,
            0.45879348286931415,
            0.45879348286931415,
            0.45879348286931415,
            0.45879348286931415
        ]
    }
}