{
    "0.8": {
        "Isolation Forest": [
            [
                0,
                0.5000169267747724
            ]
        ]
    },
    "0.9": {
        "Isolation Forest": [
            [
                0,
                0.5000169267747724
            ]
        ]
    },
    "0.95": {
        "Isolation Forest": [
            [
                0,
                0.5000169267747724
            ]
        ]
    },
    "0.99": {
        "Isolation Forest": [
            [
                0,
                0.5000169267747724
            ]
        ]
    }
}