{
    "One-Class SVM": [
        [
            0,
            0.5958664847864029
        ]
    ],
    "Isolation Forest": [
        [
            0,
            0.7999563725773787
        ]
    ]
}