{
    "0.8": {
        "One-Class SVM": [
            [
                0,
                0.5
            ]
        ],
        "Isolation Forest": [
            [
                0,
                0.6308386160784685
            ]
        ]
    },
    "0.9": {
        "One-Class SVM": [
            [
                0,
                0.5
            ]
        ],
        "Isolation Forest": [
            [
                0,
                0.5611991669680381
            ]
        ]
    },
    "0.95": {
        "One-Class SVM": [
            [
                0,
                0.5
            ]
        ],
        "Isolation Forest": [
            [
                0,
                0.5292708472612203
            ]
        ]
    },
    "0.99": {
        "One-Class SVM": [
            [
                0,
                0.5
            ]
        ],
        "Isolation Forest": [
            [
                0,
                0.5064869953138109
            ]
        ]
    }
}