{
    "0.8": {
        "0.1": [
            [
                1e-05,
                0.500010000200004
            ],
            [
                0.0001,
                0.5092295549444954
            ]
        ]
    },
    "0.9": {
        "0.1": [
            [
                1e-05,
                0.500010000200004
            ],
            [
                0.0001,
                0.5
            ]
        ]
    },
    "0.95": {
        "0.1": [
            [
                1e-05,
                0.500010000200004
            ],
            [
                0.0001,
                0.5
            ]
        ]
    },
    "0.99": {
        "0.1": [
            [
                1e-05,
                0.500010000200004
            ],
            [
                0.0001,
                0.5
            ]
        ]
    }
}