{
    "alpha": 3.86325458060099e-07,
    "colsample_bylevel": 0.6787933776552888,
    "colsample_bytree": 0.8772795295486776,
    "eta": 0.10568841636310605,
    "gamma": 2.3452327651158816e-07,
    "lambdax": 2.127295450298486,
    "max_depth": 7,
    "min_child_weight": 0.00019554323722355163,
    "n_estimators": 600,
    "subsample": 0.9066274853445584
}