{
    "contamination": 0.795769591813803,
    "max_samples": 0.13452602120374735,
    "n_estimators": 400
}