{
    "0.8": {
        "0": [
            [
                0,
                0.5902812619897884
            ]
        ]
    },
    "0.9": {
        "0": [
            [
                0,
                0.536121899497248
            ]
        ]
    },
    "0.95": {
        "0": [
            [
                0,
                0.5098203361452766
            ]
        ]
    },
    "0.99": {
        "0": [
            [
                0,
                0.5
            ]
        ]
    }
}