{
    "0.8": {
        "One-Class SVM": [
            [
                0,
                0.7353530525580455
            ]
        ]
    },
    "0.9": {
        "One-Class SVM": [
            [
                0,
                0.6359486730165909
            ]
        ]
    },
    "0.95": {
        "One-Class SVM": [
            [
                0,
                0.5741880114591014
            ]
        ]
    },
    "0.99": {
        "One-Class SVM": [
            [
                0,
                0.51815060606695
            ]
        ]
    }
}