{
    "0": [
        [
            1e-05,
            0.2615502776
        ],
        [
            0.0001,
            0.3403694454
        ],
        [
            0.001,
            0.3176906966
        ],
        [
            0.005,
            0.3772619455999999
        ],
        [
            0.01,
            0.47958884560000004
        ],
        [
            0.05,
            0.4525201672
        ],
        [
            0.1,
            0.45116728539999995
        ],
        [
            0.25,
            0.49321501
        ],
        [
            1.0,
            0.5384889877999999
        ]
    ],
    "1": [
        [
            1e-05,
            0.3305944984
        ],
        [
            0.0001,
            0.581157558
        ],
        [
            0.001,
            0.746232824
        ],
        [
            0.005,
            0.8326001204
        ],
        [
            0.01,
            0.8557723664000001
        ],
        [
            0.05,
            0.8713839242000001
        ],
        [
            0.1,
            0.8737467565999999
        ],
        [
            0.25,
            0.8756833084
        ],
        [
            1.0,
            0.8766143658
        ],
        [
            1e-05,
            0.4465478464
        ],
        [
            0.0001,
            0.5151987388
        ],
        [
            0.001,
            0.7500166088
        ],
        [
            0.005,
            0.8399356402
        ],
        [
            0.01,
            0.8562427522
        ],
        [
            0.05,
            0.871604075
        ],
        [
            0.1,
            0.8732342156000001
        ],
        [
            0.25,
            0.8751694266000001
        ],
        [
            1.0,
            0.8766261976
        ],
        [
            1e-05,
            0.3669567996
        ],
        [
            0.0001,
            0.621806919
        ],
        [
            0.001,
            0.7483771372
        ],
        [
            0.005,
            0.8399967094
        ],
        [
            0.01,
            0.8551713068
        ],
        [
            0.05,
            0.8710551056
        ],
        [
            0.1,
            0.873860831
        ],
        [
            0.25,
            0.8755920062
        ],
        [
            1.0,
            0.8766052458
        ],
        [
            1e-05,
            0.47143072259999996
        ],
        [
            0.0001,
            0.5896642682
        ],
        [
            0.001,
            0.7296272496
        ],
        [
            0.005,
            0.8435362284
        ],
        [
            0.01,
            0.848454312
        ],
        [
            1e-05,
            0.3598910838
        ],
        [
            0.0001,
            0.4467798132
        ],
        [
            0.001,
            0.7770284855999999
        ],
        [
            0.005,
            0.834764387
        ],
        [
            0.05,
            0.8713619146
        ],
        [
            0.1,
            0.8745902028000001
        ],
        [
            0.25,
            0.8757171572
        ],
        [
            1.0,
            0.8768106512
        ],
        [
            1e-05,
            0.4406255936
        ],
        [
            0.0001,
            0.5733464252
        ],
        [
            0.001,
            0.7654275942
        ],
        [
            0.005,
            0.8337539646000001
        ],
        [
            1e-05,
            0.43812296079999996
        ],
        [
            0.0001,
            0.5226531058
        ],
        [
            0.001,
            0.7305689666
        ],
        [
            0.005,
            0.8432065842
        ],
        [
            1e-05,
            0.3061033256
        ],
        [
            0.0001,
            0.5876919828
        ],
        [
            0.001,
            0.7569019226000001
        ],
        [
            0.005,
            0.8349117948
        ],
        [
            1e-05,
            0.4071743162
        ],
        [
            0.0001,
            0.4571857886
        ],
        [
            0.001,
            0.7137058192
        ],
        [
            0.005,
            0.8354571065999999
        ],
        [
            1e-05,
            0.35024749980000003
        ],
        [
            0.0001,
            0.525178617
        ],
        [
            0.001,
            0.7448181495999999
        ],
        [
            0.005,
            0.8333314358
        ],
        [
            1e-05,
            0.4210899978
        ],
        [
            0.0001,
            0.501933948
        ],
        [
            0.001,
            0.7593211304
        ],
        [
            0.005,
            0.8383515956
        ],
        [
            1e-05,
            0.4146674676
        ],
        [
            0.0001,
            0.6212441792
        ],
        [
            0.001,
            0.767566424
        ],
        [
            0.005,
            0.8338490084000001
        ],
        [
            1e-05,
            0.3653514148
        ],
        [
            0.0001,
            0.5376419208
        ],
        [
            0.001,
            0.7505450078
        ],
        [
            0.005,
            0.8384136602000001
        ],
        [
            1e-05,
            0.5647451968000001
        ],
        [
            0.0001,
            0.5281968734
        ],
        [
            0.001,
            0.7515029552
        ],
        [
            0.005,
            0.8325704208
        ],
        [
            1e-05,
            0.3099710856
        ],
        [
            0.0001,
            0.528558565
        ],
        [
            0.001,
            0.7462545788
        ],
        [
            0.005,
            0.8364992898000001
        ],
        [
            1e-05,
            0.43449841619999996
        ],
        [
            0.0001,
            0.5834868834
        ],
        [
            0.001,
            0.7461077629999999
        ],
        [
            0.005,
            0.838315697
        ],
        [
            1e-05,
            0.32091255659999995
        ],
        [
            0.0001,
            0.5590674044
        ],
        [
            0.001,
            0.7836047667999999
        ],
        [
            0.005,
            0.8413407505999999
        ],
        [
            1e-05,
            0.312033599
        ],
        [
            0.0001,
            0.54016977
        ],
        [
            0.001,
            0.781339825
        ],
        [
            0.005,
            0.8279280219999999
        ],
        [
            1e-05,
            0.5393471788
        ],
        [
            0.0001,
            0.6374339287999999
        ],
        [
            0.001,
            0.759808099
        ],
        [
            0.005,
            0.835762809
        ],
        [
            1e-05,
            0.36752421459999995
        ],
        [
            0.0001,
            0.5344453138
        ],
        [
            0.001,
            0.7352168448
        ],
        [
            0.005,
            0.8394733016
        ],
        [
            1e-05,
            0.45981633239999997
        ],
        [
            0.0001,
            0.6553116576000001
        ],
        [
            0.001,
            0.744125054
        ],
        [
            0.005,
            0.8406550883999999
        ],
        [
            0.01,
            0.8565058068
        ],
        [
            0.05,
            0.8719481462
        ],
        [
            0.1,
            0.8728153078
        ],
        [
            0.25,
            0.8751715542
        ],
        [
            1.0,
            0.8766613168
        ],
        [
            1e-05,
            0.3812291848
        ],
        [
            0.0001,
            0.55879559
        ],
