{
    "0.8": {
        "Isolation Forest": [
            [
                0.0076327772258622615,
                0.6181101753843776
            ]
        ]
    },
    "0.9": {
        "Isolation Forest": [
            [
                0.0076327772258622615,
                0.5551840702724042
            ]
        ]
    },
    "0.95": {
        "Isolation Forest": [
            [
                0.0076327772258622615,
                0.5261752846825292
            ]
        ]
    },
    "0.99": {
        "Isolation Forest": [
            [
                0.0076327772258622615,
                0.5055817136320461
            ]
        ]
    }
}