{
    "0": [
        [
            0,
            0.7014806637205524
        ]
    ],
    "1": [
        [
            0.0,
            0.42354899998935486
        ],
        [
            0.001,
            0.7937852152854853
        ],
        [
            0.005,
            0.8669559340914661
        ],
        [
            0.01,
            0.8797968056778109
        ],
        [
            0.05,
            0.8905267164767496
        ],
        [
            0.1,
            0.8929875501140617
        ],
        [
            0.25,
            0.8940989333606685
        ],
        [
            1.0,
            0.8949529625742896
        ],
        [
            0.0,
            0.4603941384105639
        ],
        [
            0.001,
            0.7979058424179791
        ],
        [
            0.005,
            0.8656548889475886
        ],
        [
            0.01,
            0.8800397796093558
        ],
        [
            0.05,
            0.8909236458198412
        ],
        [
            0.1,
            0.8927207338700504
        ],
        [
            0.25,
            0.8942598960300951
        ],
        [
            1.0,
            0.8949850346570147
        ],
        [
            0.0,
            0.37978171217257806
        ],
        [
            0.001,
            0.8149285424307413
        ],
        [
            0.005,
            0.8635990786171687
        ],
        [
            0.01,
            0.878702220210073
        ],
        [
            0.05,
            0.8910878937195156
        ],
        [
            0.1,
            0.892943793255995
        ],
        [
            0.25,
            0.8942203945842159
        ],
        [
            1.0,
            0.8949411062515934
        ],
        [
            0.0,
            0.4246076261168239
        ],
        [
            0.001,
            0.8036747009858888
        ],
        [
            0.005,
            0.868737282908533
        ],
        [
            0.01,
            0.8782286860158725
        ],
        [
            0.05,
            0.8909192719337525
        ],
        [
            0.1,
            0.8927624628307429
        ],
        [
            0.25,
            0.8940365311033965
        ],
        [
            1.0,
            0.8947903470071988
        ],
        [
            0.0,
            0.43510134568524594
        ],
        [
            0.001,
            0.7682361621327634
        ],
        [
            0.005,
            0.8607929223286139
        ],
        [
            0.01,
            0.8792827622119431
        ],
        [
            0.05,
            0.8909934307556108
        ],
        [
            0.1,
            0.8932310970603343
        ],
        [
            0.25,
            0.894268812900349
        ],
        [
            1.0,
            0.8950748891187386
        ],
        [
            0.0,
            0.44315267863123836
        ],
        [
            0.001,
            0.786519531562646
        ],
        [
            0.005,
            0.8645919288803179
        ],
        [
            0.01,
            0.8802877092302432
        ],
        [
            0.05,
            0.8905591214326344
        ],
        [
            0.1,
            0.8926338438031117
        ],
        [
            0.25,
            0.8943545623707859
        ],
        [
            1.0,
            0.8948952523011853
        ],
        [
            0.0,
            0.3873423396128123
        ],
        [
            0.001,
            0.7888403178054156
        ],
        [
            0.005,
            0.8639024888707941
        ],
        [
            0.01,
            0.8751593502992895
        ],
        [
            0.05,
            0.8906239500110246
        ],
        [
            0.1,
            0.893471414841311
        ],
        [
            0.25,
            0.8943076724986787
        ],
        [
            1.0,
            0.8947575328005799
        ],
        [
            0.0,
            0.4359239477310875
        ],
        [
            0.001,
            0.7854151038043178
        ],
        [
            0.005,
            0.8647130578541783
        ],
        [
            0.01,
            0.8782795691449328
        ],
        [
            0.05,
            0.8910398700362344
        ],
        [
            0.1,
            0.8929571422393561
        ],
        [
            0.25,
            0.8942289879224213
        ],
        [
            1.0,
            0.8949508233958002
        ],
        [
            0.0,
            0.4043793570739387
        ],
        [
            0.001,
            0.7615286765423623
        ],
        [
            0.005,
            0.85951941827456
        ],
        [
            0.01,
            0.8785930685221502
        ],
        [
            0.05,
            0.8917849307205119
        ],
        [
            0.1,
            0.8928729251353602
        ],
        [
            0.25,
            0.8941894882693378
        ],
        [
            1.0,
            0.8948357944074689
        ],
        [
            0.0,
            0.4067450932354892
        ],
        [
            0.001,
            0.8030251640647695
        ],
        [
            0.005,
            0.8626098957206986
        ],
        [
            0.01,
            0.8807522979740604
        ],
        [
            0.05,
            0.8910750947909123
        ],
        [
            0.1,
            0.892675033672166
        ],
        [
            0.25,
            0.894119932740439
        ],
        [
            1.0,
            0.8948946580794171
        ]
    ]
}