{
    "0": [
        [
            0,
            0.6894770598000001
        ]
    ],
    "1": [
        [
            0.0,
            0.33897181499999995
        ],
        [
            0.001,
            0.7570442839999999
        ],
        [
            0.005,
            0.8404157018
        ],
        [
            0.01,
            0.8571723069999999
        ],
        [
            0.05,
            0.8707178013999999
        ],
        [
            0.1,
            0.8739308978
        ],
        [
            0.25,
            0.8756190680000001
        ],
        [
            1.0,
            0.8766896014000001
        ],
        [
            0.0,
            0.3817653986
        ],
        [
            0.001,
            0.7656467022
        ],
        [
            0.005,
            0.8394988198
        ],
        [
            0.01,
            0.8563571705999999
        ],
        [
            0.05,
            0.8710259391999999
        ],
        [
            0.1,
            0.8734747009999999
        ],
        [
            0.25,
            0.8757356547999999
        ],
        [
            1.0,
            0.8765240024000001
        ],
        [
            0.0,
            0.282852134
        ],
        [
            0.001,
            0.7867892086
        ],
        [
            0.005,
            0.8358688820000001
        ],
        [
            0.01,
            0.8552927213999999
        ],
        [
            0.05,
            0.8714683617999999
        ],
        [
            0.1,
            0.873983659
        ],
        [
            0.25,
            0.8756726008
        ],
        [
            1.0,
            0.8766394032
        ],
        [
            0.0,
            0.33256002259999995
        ],
        [
            0.001,
            0.7754456141999999
        ],
        [
            0.005,
            0.8425299632
        ],
        [
            0.01,
            0.8558103446
        ],
        [
            0.05,
            0.8712698031999999
        ],
        [
            0.1,
            0.8737587838
        ],
        [
            0.25,
            0.8754695254
        ],
        [
            1.0,
            0.8765470246
        ],
        [
            0.0,
            0.37233853699999997
        ],
        [
            0.001,
            0.725551398
        ],
        [
            0.005,
            0.8310768468
        ],
        [
            0.01,
            0.8559065822
        ],
        [
            0.05,
            0.8714036455999999
        ],
        [
            0.1,
            0.8742835768
        ],
        [
            0.25,
            0.8755735384000001
        ],
        [
            1.0,
            0.8768225532
        ],
        [
            0.0,
            0.33967054680000003
        ],
        [
            0.001,
            0.7455378756000001
        ],
        [
            0.005,
            0.8354754568
        ],
        [
            0.01,
            0.8573772394
        ],
        [
            0.05,
            0.8704536213999999
        ],
        [
            0.1,
            0.8733487650000001
        ],
        [
            0.25,
            0.8756513692
        ],
        [
            1.0,
            0.8765944854000001
        ],
        [
            0.0,
            0.28851681640000004
        ],
        [
            0.001,
            0.7504926576000001
        ],
        [
            0.005,
            0.8361285234
        ],
        [
            0.01,
            0.8487382658
        ],
        [
            0.05,
            0.87110091
        ],
        [
            0.1,
            0.8745668284
        ],
        [
            0.25,
            0.8757595217999999
        ],
        [
            1.0,
            0.8764814484000001
        ],
        [
            0.0,
            0.36268318600000005
        ],
        [
            0.001,
            0.7450639468
        ],
        [
            0.005,
            0.8363919247999999
        ],
        [
            0.01,
            0.8546971824
        ],
        [
            0.05,
            0.8712082459999999
        ],
        [
            0.1,
            0.8737977378
        ],
        [
            0.25,
            0.875402959
        ],
        [
            1.0,
            0.8766942648
        ],
        [
            0.0,
            0.300907315
        ],
        [
            0.001,
            0.7102159954
        ],
        [
            0.005,
            0.8312869606
        ],
        [
            0.01,
            0.8537931858000001
        ],
        [
            0.05,
            0.8720825930000001
        ],
        [
            0.1,
            0.873750799
        ],
        [
            0.25,
            0.8755449544
        ],
        [
            1.0,
            0.8765958466000001
        ],
        [
            0.0,
            0.3333259634
        ],
        [
            0.001,
            0.765266247
        ],
        [
            0.005,
            0.8345866298
        ],
        [
            0.01,
            0.858121423
        ],
        [
            0.05,
            0.8712235676
        ],
        [
            0.1,
            0.8736707767999999
        ],
        [
            0.25,
            0.8754862868
        ],
        [
            1.0,
            0.8765869816
        ]
    ]
}