{
    "0.8": {
        "One-Class SVM": [
            [
                0,
                0.7318419000779703
            ]
        ]
    },
    "0.9": {
        "One-Class SVM": [
            [
                0,
                0.6301470475724145
            ]
        ]
    },
    "0.95": {
        "One-Class SVM": [
            [
                0,
                0.5731803797468354
            ]
        ]
    },
    "0.99": {
        "One-Class SVM": [
            [
                0,
                0.5178504063925374
            ]
        ]
    }
}