{
    "0": [
        [
            0,
            0.6950175959999999
        ]
    ],
    "0.1": [
        [
            0.0,
            0.30941524779999996
        ],
        [
            0.001,
            0.7524655330000001
        ],
        [
            0.005,
            0.8384960958000001
        ],
        [
            0.01,
            0.8533984314
        ],
        [
            0.05,
            0.871109105
        ],
        [
            0.1,
            0.8741144378
        ],
        [
            0.25,
            0.8750833631999999
        ],
        [
            1.0,
            0.8766360344
        ],
        [
            0.0,
            0.35798541419999996
        ],
        [
            0.001,
            0.7619606092
        ],
        [
            0.005,
            0.8360888026000001
        ],
        [
            0.01,
            0.8590946574
        ],
        [
            0.05,
            0.8705412464000001
        ],
        [
            0.1,
            0.8741045292
        ],
        [
            0.25,
            0.8755961688
        ],
        [
            1.0,
            0.8767261932
        ],
        [
            0.0,
            0.3148624138
        ],
        [
            0.001,
            0.7255879484
        ],
        [
            0.005,
            0.8386300722
        ],
        [
            0.01,
            0.8527503738
        ],
        [
            0.05,
            0.8711760684000001
        ],
        [
            0.1,
            0.8738888412000001
        ],
        [
            0.25,
            0.8753414452
        ],
        [
            1.0,
            0.8766098118000001
        ],
        [
            0.0,
            0.30618377920000006
        ],
        [
            0.001,
            0.7503837816
        ],
        [
            0.005,
            0.8311358066
        ],
        [
            0.01,
            0.852896578
        ],
        [
            0.05,
            0.8696221868
        ],
        [
            0.1,
            0.8738510375999999
        ],
        [
            0.25,
            0.875441896
        ],
        [
            1.0,
            0.8763763002
        ],
        [
            0.0,
            0.3302089924
        ],
        [
            0.001,
            0.7793057000000001
        ],
        [
            0.005,
            0.8335859466
        ],
        [
            0.01,
            0.8544231355999999
        ],
        [
            0.05,
            0.8710938866
        ],
        [
            0.1,
            0.8734654016000001
        ],
        [
            0.25,
            0.8754267036
        ],
        [
            1.0,
            0.8766565006
        ]
    ],
    "0.25": [
        [
            0.0,
            0.277574231
        ],
        [
            0.001,
            0.7639868456000001
        ],
        [
            0.005,
            0.8327132329999999
        ],
        [
            0.01,
            0.8512176454
        ],
        [
            0.05,
            0.8707410654000001
        ],
        [
            0.1,
            0.8737111822000001
        ],
        [
            0.25,
            0.8755249277999999
        ],
        [
            1.0,
            0.876734846
        ],
        [
            0.0,
            0.3450535592
        ],
        [
            0.001,
            0.7652002012
        ],
        [
            0.005,
            0.8423257458
        ],
        [
            0.01,
            0.8569726044
        ],
        [
            0.05,
            0.8718138557999999
        ],
        [
            0.1,
            0.8736805437999999
        ],
        [
            0.25,
            0.875522582
        ],
        [
            1.0,
            0.8766457216
        ],
        [
            0.0,
            0.31121133759999997
        ],
        [
            0.001,
            0.7600928688
        ],
        [
            0.005,
            0.8306708490000001
        ],
        [
            0.01,
            0.8514347004
        ],
        [
            0.05,
            0.8707837298
        ],
        [
            0.1,
            0.873726833
        ],
        [
            0.25,
            0.8757382361999999
        ],
        [
            1.0,
            0.876592648
        ],
        [
            0.0,
            0.339650179
        ],
        [
            0.001,
            0.770686548
        ],
        [
            0.005,
            0.8349271154000001
        ],
        [
            0.01,
            0.8585172212000001
        ],
        [
            0.05,
            0.8708919864
        ],
        [
            0.1,
            0.8736362978000001
        ],
        [
            0.25,
            0.8752732632
        ],
        [
            1.0,
            0.8765758292
        ],
        [
            0.0,
            0.3041665508
        ],
        [
            0.001,
            0.7478981844
        ],
        [
            0.005,
            0.8334718346
        ],
        [
            0.01,
            0.8574654051999999
        ],
        [
            0.05,
            0.8708300496
        ],
        [
            0.1,
            0.8736469114000001
        ],
        [
            0.25,
            0.8754172016
        ],
        [
            1.0,
            0.8766033826
        ]
    ],
    "0.5": [
        [
            0.0,
            0.32033573360000006
        ],
        [
            0.001,
            0.7570414006
        ],
        [
            0.005,
            0.8416382968
        ],
        [
            0.01,
            0.8532470548
        ],
        [
            0.05,
            0.8719041346
        ],
        [
            0.1,
            0.8734138620000002
        ],
        [
            0.25,
            0.8751087338
        ],
        [
            1.0,
            0.8764643042
        ],
        [
            0.0,
            0.3307667772
        ],
        [
            0.001,
            0.721770075
        ],
        [
            0.005,
            0.8272024243999999
        ],
        [
            0.01,
            0.8531602149999999
        ],
        [
            0.05,
            0.8712326914
        ],
        [
            0.1,
            0.8739587934
        ],
        [
            0.25,
            0.8752804936
        ],
        [
            1.0,
            0.8766455392
        ],
        [
            0.0,
            0.3734987006
        ],
        [
            0.001,
            0.7295465052000001
        ],
        [
            0.005,
            0.8452762802
        ],
        [
            0.01,
            0.8573974957999999
        ],
        [
            0.05,
            0.8708240708
        ],
        [
            0.1,
            0.8740378043999999
        ],
        [
            0.25,
            0.8753011788
        ],
        [
            1.0,
            0.8765435066
        ],
        [
            0.0,
            0.32337548800000004
        ],
        [
            0.001,
            0.7608396628
        ],
        [
            0.005,
            0.8468599232
        ],
        [
            0.01,
            0.8558578353999999
        ],
        [
            0.05,
            0.8710293464000001
        ],
        [
            0.1,
            0.8737868503999999
        ],
        [
            0.25,
            0.8750172952
        ],
        [
            1.0,
            0.8765670597999999
        ]
    ]
}