{
    "0": [
        [
            0,
            0.70166942285522
        ]
    ],
    "0.1": [
        [
            0.0,
            0.40478186055513277
        ],
        [
            0.001,
            0.7899825187822869
        ],
        [
            0.005,
            0.8644412987343152
        ],
        [
            0.01,
            0.8770246683076308
        ],
        [
            0.05,
            0.8907582660755066
        ],
        [
            0.1,
            0.8929863611599652
        ],
        [
            0.25,
            0.8938005251162531
        ],
        [
            1.0,
            0.8949152611276135
        ],
        [
            0.0,
            0.434761257497388
        ],
        [
            0.001,
            0.797836769183142
        ],
        [
            0.005,
            0.863928192036351
        ],
        [
            0.01,
            0.8813849339743524
        ],
        [
            0.05,
            0.8905231823816318
        ],
        [
            0.1,
            0.8932788648358791
        ],
        [
            0.25,
            0.894040737667608
        ],
        [
            1.0,
            0.8949805153455763
        ],
        [
            0.0,
            0.4042229894197035
        ],
        [
            0.001,
            0.7637502354955485
        ],
        [
            0.005,
            0.8639916467609476
        ],
        [
            0.01,
            0.8769822957360609
        ],
        [
            0.05,
            0.890988565215694
        ],
        [
            0.1,
            0.8929771946076597
        ],
        [
            0.25,
            0.8940492326293606
        ],
        [
            1.0,
            0.8949067250196718
        ],
        [
            0.0,
            0.40051024034634464
        ],
        [
            0.001,
            0.7867297700659557
        ],
        [
            0.005,
            0.8607840915662767
        ],
        [
            0.01,
            0.877000570679414
        ],
        [
            0.05,
            0.8900745005160098
        ],
        [
            0.1,
            0.8928161437733215
        ],
        [
            0.25,
            0.8942400465288771
        ],
        [
            1.0,
            0.8947881687337471
        ],
        [
            0.0,
            0.4177671298701463
        ],
        [
            0.001,
            0.8091036448832029
        ],
        [
            0.005,
            0.8609874324386076
        ],
        [
            0.01,
            0.8787451255266971
        ],
        [
            0.05,
            0.8908922859143457
        ],
        [
            0.1,
            0.8925946686425882
        ],
        [
            0.25,
            0.8940467140792926
        ],
        [
            1.0,
            0.8949938437850575
        ],
        [
            0.0,
            0.40428293520169245
        ],
        [
            0.001,
            0.7564138657878414
        ],
        [
            0.005,
            0.8624841550037478
        ],
        [
            0.01,
            0.8742079678279572
        ],
        [
            0.05,
            0.8907504474876914
        ],
        [
            0.1,
            0.8932744766136546
        ],
        [
            0.25,
            0.8938475285381675
        ],
        [
            1.0,
            0.8950062222582298
        ],
        [
            0.0,
            0.4339253397251241
        ],
        [
            0.001,
            0.7744070188357054
        ],
        [
            0.005,
            0.8640300469274456
        ],
        [
            0.01,
            0.8783316058122667
        ],
        [
            0.05,
            0.8908972060771795
        ],
        [
            0.1,
            0.8926888799790729
        ],
        [
            0.25,
            0.8941619536948572
        ],
        [
            1.0,
            0.8948076765764331
        ],
        [
            0.0,
            0.4145334247522802
        ],
        [
            0.001,
            0.7937282802811642
        ],
        [
            0.005,
            0.864969219204976
        ],
        [
            0.01,
            0.8811247602291206
        ],
        [
            0.05,
            0.8905141661923437
        ],
        [
            0.1,
            0.8925798985888073
        ],
        [
            0.25,
            0.8940349589568864
        ],
        [
            1.0,
            0.8949695500180044
        ],
        [
            0.0,
            0.3930186628207403
        ],
        [
            0.001,
            0.8026155036566892
        ],
        [
            0.005,
            0.8654841586461642
        ],
        [
            0.01,
            0.8776232235689301
        ],
        [
            0.05,
            0.8912435184422438
        ],
        [
            0.1,
            0.8926329401356075
        ],
        [
            0.25,
            0.8937259370521794
        ],
        [
            1.0,
            0.8950481462496772
        ],
        [
            0.0,
            0.39561113597033204
        ],
        [
            0.001,
            0.7887118555155652
        ],
        [
            0.005,
            0.8659757939688519
        ],
        [
            0.01,
            0.8788959887931171
        ],
        [
            0.05,
            0.8911018527676734
        ],
        [
            0.1,
            0.8928602016267488
        ],
        [
            0.25,
            0.8941820035611001
        ],
        [
            1.0,
            0.8947613381303997
        ]
    ],