{
    "0": [
        [
            0,
            0.6950175959999999
        ]
    ],
    "0.1": [
        [
            0.0,
            0.30941524779999996
        ],
        [
            0.001,
            0.7524655330000001
        ],
        [
            0.005,
            0.8384960958000001
        ],
        [
            0.01,
            0.8533984314
        ],
        [
            0.05,
            0.871109105
        ],
        [
            0.1,
            0.8741144378
        ],
        [
            0.25,
            0.8750833631999999
        ],
        [
            1.0,
            0.8766360344
        ],
        [
            0.0,
            0.35798541419999996
        ],
        [
            0.001,
            0.7619606092
        ],
        [
            0.005,
            0.8360888026000001
        ],
        [
            0.01,
            0.8590946574
        ],
        [
            0.05,
            0.8705412464000001
        ],
        [
            0.1,
            0.8741045292
        ],
        [
            0.25,
            0.8755961688
        ],
        [
            1.0,
            0.8767261932
        ],
        [
            0.0,
            0.3148624138
        ],
        [
            0.001,
            0.7255879484
        ],
        [
            0.005,
            0.8386300722
        ],
        [
            0.01,
            0.8527503738
        ],
        [
            0.05,
            0.8711760684000001
        ],
        [
            0.1,
            0.8738888412000001
        ],
        [
            0.25,
            0.8753414452
        ],
        [
            1.0,
            0.8766098118000001
        ],
        [
            0.0,
            0.30618377920000006
        ],
        [
            0.001,
            0.7503837816
        ],
        [
            0.005,
            0.8311358066
        ],
        [
            0.01,
            0.852896578
        ],
        [
            0.05,
            0.8696221868
        ],
        [
            0.1,
            0.8738510375999999
        ],
        [
            0.25,
            0.875441896
        ],
        [
            1.0,
            0.8763763002
        ],
        [
            0.0,
            0.3302089924
        ],
        [
            0.001,
            0.7793057000000001
        ],
        [
            0.005,
            0.8335859466
        ],
        [
            0.01,
            0.8544231355999999
        ],
        [
            0.05,
            0.8710938866
        ],
        [
            0.1,
            0.8734654016000001
        ],
        [
            0.25,
            0.8754267036
        ],
        [
            1.0,
            0.8766565006
        ],
        [
            0.0,
            0.3058486982
        ],
        [
            0.001,
            0.7102484668000001
        ],
        [
            0.005,
            0.8361672148
        ],
        [
            0.01,
            0.8480831374
        ],
        [
            0.05,
            0.8711452506
        ],
        [
            0.1,
            0.874228683
        ],
        [
            0.25,
            0.8750475056
        ],
        [
            1.0,
            0.8767203473999999
        ],
        [
            0.0,
            0.3584757236
        ],
        [
            0.001,
            0.7408887326
        ],
        [
            0.005,
            0.8358364974000001
        ],
        [
            0.01,
            0.8536272588
        ],
        [
            0.05,
            0.8714251696
        ],
        [
            0.1,
            0.873756693
        ],
        [
            0.25,
            0.8756998114
        ],
        [
            1.0,
            0.8763866542
        ],
        [
            0.0,
            0.3362268794
        ],
        [
            0.001,
            0.760241538
        ],
        [
            0.005,
            0.8372223476
        ],
        [
            0.01,
            0.8585871032
        ],
        [
            0.05,
            0.8703787204
        ],
        [
            0.1,
            0.8736457812
        ],
        [
            0.25,
            0.875469102
        ],
        [
            1.0,
            0.8767578314
        ],
        [
            0.0,
            0.30141568920000006
        ],
        [
            0.001,
            0.7675615031999999
        ],
        [
            0.005,
            0.8383250632
        ],
        [
            0.01,
            0.8526316483999999
        ],
        [
            0.05,
            0.8718116458
        ],
        [
            0.1,
            0.8732883525999999
        ],
        [
            0.25,
            0.8748290784
        ],
        [
            1.0,
            0.876863194
        ],
        [
            0.0,
            0.3024729622
        ],
        [
            0.001,
            0.7502794594
        ],
        [
            0.005,
            0.8384474624
        ],
        [
            0.01,
            0.855022176
        ],
        [
            0.05,
            0.8713921998
        ],
        [
            0.1,
            0.8738080636
        ],
        [
            0.25,
            0.8756054166
        ],
        [
            1.0,
            0.8763936604
        ]
    ],