{
    "0.8": {
        "Isolation Forest": [
            [
                0,
                0.6180964762692691
            ]
        ]
    },
    "0.9": {
        "Isolation Forest": [
            [
                0,
                0.555527078977541
            ]
        ]
    },
    "0.95": {
        "Isolation Forest": [
            [
                0,
                0.5257467650260007
            ]
        ]
    },
    "0.99": {
        "Isolation Forest": [
            [
                0,
                0.5049829442846633
            ]
        ]
    }
}