{
    "One-Class SVM": [
        [
            0,
            0.5126256544
        ]
    ],
    "Isolation Forest": [
        [
            0,
            0.7734476992
        ]
    ]
}