{
    "0": [
        [
            1e-05,
            0.378174221552894
        ],
        [
            0.0001,
            0.4231838381667143
        ],
        [
            0.001,
            0.40781800554844455
        ],
        [
            0.005,
            0.46110537829514253
        ],
        [
            0.01,
            0.5236053275277538
        ],
        [
            0.05,
            0.5099789709320016
        ],
        [
            0.1,
            0.5017860142147973
        ],
        [
            0.25,
            0.5437484016211767
        ],
        [
            1.0,
            0.568004545908169
        ]
    ],
    "1": [
        [
            1e-05,
            0.42075427952466177
        ],
        [
            0.0001,
            0.6426739981011218
        ],
        [
            0.001,
            0.7780383543662264
        ],
        [
            0.005,
            0.8621227851819867
        ],
        [
            0.01,
            0.8793405553923853
        ],
        [
            0.05,
            0.8910019568805746
        ],
        [
            0.1,
            0.8928197784775084
        ],
        [
            0.25,
            0.8942980018388601
        ],
        [
            1.0,
            0.8948624716774941
        ],
        [
            1e-05,
            0.5141033742334672
        ],
        [
            0.0001,
            0.5757745662807142
        ],
        [
            0.001,
            0.7876893025356295
        ],
        [
            0.005,
            0.8667975170821193
        ],
        [
            0.01,
            0.8783973582667933
        ],
        [
            0.05,
            0.8911724946843906
        ],
        [
            0.1,
            0.8925216123093438
        ],
        [
            0.25,
            0.8938791255481136
        ],
        [
            1.0,
            0.8948466525014542
        ],
        [
            1e-05,
            0.46472412941165714
        ],
        [
            0.0001,
            0.6661266730799491
        ],
        [
            0.001,
            0.7821752187364133
        ],
        [
            0.005,
            0.8667271918586901
        ],
        [
            0.01,
            0.8783626910897874
        ],
        [
            0.05,
            0.8909222946674064
        ],
        [
            0.1,
            0.8928223761687266
        ],
        [
            0.25,
            0.8940634606536467
        ],
        [
            1.0,
            0.8948969163224217
        ],
        [
            1e-05,
            0.49943171406121983
        ],
        [
            0.0001,
            0.6421977335742358
        ],
        [
            0.001,
            0.7742999476475444
        ],
        [
            0.005,
            0.8684849747562267
        ],
        [
            0.01,
            0.8736669850144816
        ],
        [
            1e-05,
            0.44825515917873393
        ],
        [
            0.0001,
            0.5063075281375133
        ],
        [
            0.001,
            0.8079854380811995
        ],
        [
            0.005,
            0.8609964762271234
        ],
        [
            0.05,
            0.8909449240494964
        ],
        [
            0.1,
            0.8934276536693148
        ],
        [
            0.25,
            0.894185665276871
        ],
        [
            1.0,
            0.8950326438602181
        ],
        [
            1e-05,
            0.5046890259806229
        ],
        [
            0.0001,
            0.6201075549360769
        ],
        [
            0.001,
            0.7925646673845047
        ],
        [
            0.005,
            0.8632213568525462
        ],
        [
            1e-05,
            0.5498939631953534
        ],
        [
            0.0001,
            0.5747933554123158
        ],
        [
            0.001,
            0.7710740090837782
        ],
        [
            0.005,
            0.868221050025513
        ],
        [
            1e-05,
            0.39926927352958896
        ],
        [
            0.0001,
            0.6154453810932381
        ],
        [
            0.001,
            0.7955067972141906
        ],
        [
            0.005,
            0.8636390303411843
        ],
        [
            1e-05,
            0.47234751462017793
        ],
        [
            0.0001,
            0.5399328293602202
        ],
        [
            0.001,
            0.7554246778673838
        ],
        [
            0.005,
            0.863113083905773
        ],
        [
            1e-05,
            0.4470388926881933
        ],
        [
            0.0001,
            0.5784514694862356
        ],
        [
            0.001,
            0.7806579114949485
        ],
        [
            0.005,
            0.8619455473601789
        ],
        [
            1e-05,
            0.5075963734342767
        ],
        [
            0.0001,
            0.537967243694364
        ],
        [
            0.001,
            0.7941361600511219
        ],
        [
            0.005,
            0.8654390886265887
        ],
        [
            1e-05,
            0.49496954417303357
        ],
        [
            0.0001,
            0.6719768280314959
        ],
        [
            0.001,
            0.8031505065174429
        ],
        [
            0.005,
            0.8622507157286837
        ],
        [
            1e-05,
            0.47461103311930297
        ],
        [
            0.0001,
            0.5713881887621853
        ],
        [
            0.001,
            0.78373571165811
        ],
        [
            0.005,
            0.8643274134747799
        ],
        [
            1e-05,
            0.5809544449593222
        ],
        [
            0.0001,
            0.5702240139802224
        ],
        [
            0.001,
            0.7849074962084205
        ],
        [
            0.005,
            0.8625636658590009
        ],
        [
            1e-05,
            0.43714713612173267
        ],
        [
            0.0001,
            0.5828195580475088
        ],
        [
            0.001,
            0.7788517315197429
        ],
        [
            0.005,
            0.8635018064388307
        ],
        [
            1e-05,
            0.5403088282217959
        ],
        [
            0.0001,
            0.6275412269042525
        ],
        [
            0.001,
            0.7839710511595849
        ],
        [
            0.005,
            0.8656261022337138
        ],
        [
            1e-05,
            0.4150222010930734
        ],
        [
            0.0001,
            0.5974181413588657
        ],
        [
            0.001,
            0.8078844999806798
        ],
        [
            0.005,
            0.8681407797813311
        ],
        [
            1e-05,
            0.4157096668917215
        ],
        [
            0.0001,
            0.6135546753562716
        ],
        [
            0.001,
            0.8112065330856586
        ],
        [
            0.005,
            0.8598751328265196
        ],
        [
            1e-05,
            0.5938092235791248
        ],
        [
            0.0001,
            0.6847469176028784
        ],
        [
            0.001,
            0.7885880070660978
        ],
        [
            0.005,
            0.8639702288395809
        ],
        [
            1e-05,
            0.45069802066091175
        ],
        [
            0.0001,
            0.5678248701568576
        ],
        [
            0.001,
            0.7714340349091585
        ],
        [
            0.005,
            0.8664094107923414
        ],
        [
            1e-05,
            0.5252625848698377
        ],
        [
            0.0001,
            0.6823732087208633
        ],
        [
            0.001,
            0.7805620739563611
        ],
        [
