{
    "contamination": 0.009799868586013971,
    "max_samples": 0.22104180795937428,
    "n_estimators": 800
}