{
    "contamination": 0.1029849455683469,
    "max_samples": 0.9940821722848857,
    "n_estimators": 200
}