{
    "alpha": 0.04858570000074629,
    "colsample_bylevel": 0.7516933528893339,
    "colsample_bytree": 0.8427942271426117,
    "eta": 0.03947900403476907,
    "gamma": 0.0018929132769593994,
    "lambdax": 6.192048942699848e-05,
    "max_depth": 9,
    "min_child_weight": 0.6914833972034397,
    "n_estimators": 200,
    "subsample": 0.7593476987056937
}