{
    "kernel": "sigmoid",
    "nu": 0.5000000000000001,
    "shrinking": true,
    "coef0": 0.039551465111595074,
    "gamma": 0.004568048094611443
}