{
    "alpha": 0.24706759682742413,
    "colsample_bylevel": 0.6193160769479984,
    "colsample_bytree": 0.7706086548273553,
    "eta": 0.012460020103795582,
    "gamma": 1.9118000235607855,
    "lambdax": 4.239716267335376,
    "max_depth": 8,
    "min_child_weight": 1.68003581657348e-06,
    "n_estimators": 800,
    "subsample": 0.9089821757806529
}