{
    "contamination": 0.0076327772258622615,
    "max_samples": 0.23381157033779482,
    "n_estimators": 800
}